{
    "L_curly": {
        "strands00009": 232,
        "strands00026": 210,
        "strands00041": 197,
        "strands00044": 207,
        "strands00071": 188,
        "strands00100": 206,
        "strands00116": 214,
        "strands00120": 189,
        "strands00130": 207,
        "strands00139": 198,
        "strands00149": 197,
        "strands00155": 208,
        "strands00170": 192,
        "strands00219": 205,
        "strands00239": 212,
        "strands00240": 186,
        "strands00245": 183,
        "strands00259": 200,
        "strands00275": 189,
        "strands00285": 176,
        "strands00287": 199,
        "strands00306": 205,
        "strands00314": 186,
        "strands00318": 199,
        "strands00325": 203,
        "strands00509": 212,
        "strands00514": 219,
        "mean": 200.7037037037037,
        "max": 232,
        "min": 176
    },
    "L_straight": {
        "strands00009": 232,
        "strands00089": 215,
        "strands00092": 196,
        "strands00094": 171,
        "strands00115": 199,
        "strands00126": 196,
        "strands00139": 198,
        "strands00155": 208,
        "strands00156": 204,
        "strands00164": 205,
        "strands00220": 193,
        "strands00241": 192,
        "strands00245": 183,
        "strands00248": 179,
        "strands00259": 200,
        "strands00260": 181,
        "strands00275": 189,
        "strands00285": 176,
        "strands00287": 199,
        "strands00288": 189,
        "strands00289": 188,
        "strands00294": 191,
        "strands00310": 196,
        "strands00318": 199,
        "strands00321": 234,
        "strands00325": 203,
        "strands00335": 181,
        "strands00336": 185,
        "strands00344": 180,
        "mean": 195.24137931034483,
        "max": 234,
        "min": 171
    },
    "M_curly": {
        "strands00039": 217,
        "strands00153": 197,
        "strands00006": 184,
        "strands00008": 192,
        "strands00010": 200,
        "strands00011": 186,
        "strands00015": 217,
        "strands00019": 217,
        "strands00022": 203,
        "strands00023": 192,
        "strands00027": 193,
        "strands00028": 197,
        "strands00030": 204,
        "strands00031": 197,
        "strands00032": 208,
        "strands00033": 197,
        "strands00036": 199,
        "strands00038": 215,
        "strands00045": 184,
        "strands00047": 189,
        "strands00050": 185,
        "strands00053": 222,
        "strands00057": 195,
        "strands00060": 184,
        "strands00069": 193,
        "strands00083": 188,
        "strands00091": 212,
        "strands00107": 191,
        "strands00110": 197,
        "strands00119": 202,
        "strands00131": 208,
        "strands00144": 193,
        "strands00147": 190,
        "strands00148": 199,
        "strands00165": 195,
        "strands00167": 192,
        "strands00170": 192,
        "strands00171": 192,
        "strands00172": 169,
        "strands00175": 209,
        "strands00177": 201,
        "strands00184": 207,
        "strands00204": 194,
        "strands00218": 184,
        "strands00222": 214,
        "strands00224": 192,
        "strands00256": 189,
        "strands00283": 203,
        "strands00310": 196,
        "strands00312": 193,
        "strands00315": 175,
        "strands00324": 212,
        "strands00328": 218,
        "strands00331": 184,
        "strands00332": 197,
        "strands00334": 204,
        "strands00343": 187,
        "strands00407": 190,
        "strands00413": 200,
        "strands00419": 204,
        "strands00423": 201,
        "strands00424": 204,
        "strands00443": 191,
        "strands00448": 208,
        "strands00500": 194,
        "mean": 197.5076923076923,
        "max": 222,
        "min": 169
    },
    "M_straight": {
        "strands00018": 195,
        "strands00054": 184,
        "strands00075": 183,
        "strands00086": 175,
        "strands00087": 184,
        "strands00098": 175,
        "strands00104": 189,
        "strands00118": 183,
        "strands00152": 188,
        "strands00157": 194,
        "strands00160": 179,
        "strands00168": 167,
        "strands00206": 184,
        "strands00230": 196,
        "strands00234": 205,
        "strands00327": 200,
        "strands00332": 197,
        "strands00341": 191,
        "strands00345": 185,
        "strands00367": 196,
        "strands00369": 203,
        "strands00370": 190,
        "strands00393": 180,
        "strands00422": 217,
        "strands00429": 191,
        "strands00430": 196,
        "strands00431": 179,
        "strands00439": 193,
        "mean": 189.25,
        "max": 217,
        "min": 167
    },
    "S_curly": {
        "strands00014": 197,
        "strands00035": 189,
        "strands00040": 189,
        "strands00061": 195,
        "strands00162": 186,
        "strands00171": 192,
        "strands00187": 192,
        "strands00223": 197,
        "strands00254": 191,
        "strands00311": 189,
        "strands00343": 187,
        "strands00361": 192,
        "strands00364": 189,
        "strands00366": 185,
        "strands00438": 191,
        "strands00510": 188,
        "strands00511": 183,
        "strands00512": 197,
        "strands00513": 185,
        "mean": 190.21052631578948,
        "max": 197,
        "min": 183
    },
    "S_straight": {
        "strands00002": 174,
        "strands00004": 178,
        "strands00007": 181,
        "strands00012": 176,
        "strands00021": 174,
        "strands00025": 180,
        "strands00029": 178,
        "strands00034": 188,
        "strands00037": 183,
        "strands00042": 192,
        "strands00051": 183,
        "strands00052": 171,
        "strands00055": 186,
        "strands00056": 184,
        "strands00059": 197,
        "strands00062": 185,
        "strands00064": 175,
        "strands00072": 172,
        "strands00080": 177,
        "strands00082": 182,
        "strands00084": 175,
        "strands00088": 173,
        "strands00093": 176,
        "strands00101": 174,
        "strands00106": 172,
        "strands00111": 173,
        "strands00123": 172,
        "strands00129": 166,
        "strands00134": 174,
        "strands00136": 180,
        "strands00137": 184,
        "strands00146": 179,
        "strands00166": 187,
        "strands00183": 185,
        "strands00207": 183,
        "strands00209": 175,
        "strands00210": 179,
        "strands00216": 173,
        "strands00229": 172,
        "strands00244": 175,
        "strands00249": 181,
        "strands00253": 184,
        "strands00257": 177,
        "strands00269": 180,
        "strands00270": 177,
        "strands00276": 181,
        "strands00277": 179,
        "strands00282": 190,
        "strands00305": 187,
        "strands00307": 174,
        "strands00309": 187,
        "strands00313": 172,
        "strands00316": 179,
        "strands00319": 175,
        "strands00320": 175,
        "strands00322": 173,
        "strands00323": 182,
        "strands00326": 177,
        "strands00329": 171,
        "strands00330": 177,
        "strands00333": 181,
        "strands00338": 175,
        "strands00339": 180,
        "strands00340": 181,
        "strands00063": 179,
        "strands00150": 181,
        "strands00302": 174,
        "strands00347": 178,
        "strands00381": 179,
        "strands00349": 173,
        "strands00354": 178,
        "strands00355": 173,
        "strands00359": 172,
        "strands00360": 175,
        "strands00362": 177,
        "strands00363": 184,
        "strands00365": 177,
        "strands00368": 179,
        "strands00373": 175,
        "strands00374": 180,
        "strands00376": 179,
        "strands00377": 174,
        "strands00378": 181,
        "strands00379": 175,
        "strands00380": 195,
        "strands00382": 172,
        "strands00391": 170,
        "strands00392": 182,
        "strands00394": 181,
        "strands00395": 180,