{
    "L_curly": {
        "strands00009": 171,
        "strands00026": 148,
        "strands00041": 138,
        "strands00044": 127,
        "strands00071": 116,
        "strands00100": 149,
        "strands00116": 164,
        "strands00120": 122,
        "strands00130": 144,
        "strands00139": 137,
        "strands00149": 136,
        "strands00155": 158,
        "strands00170": 124,
        "strands00219": 141,
        "strands00239": 159,
        "strands00240": 113,
        "strands00245": 101,
        "strands00259": 145,
        "strands00275": 124,
        "strands00285": 98,
        "strands00287": 137,
        "strands00306": 126,
        "strands00314": 113,
        "strands00318": 132,
        "strands00325": 143,
        "strands00509": 176,
        "strands00514": 176,
        "mean": 137.7037037037037,
        "max": 176,
        "min": 98
    },
    "L_straight": {
        "strands00009": 171,
        "strands00089": 152,
        "strands00092": 127,
        "strands00094": 113,
        "strands00115": 131,
        "strands00126": 107,
        "strands00139": 137,
        "strands00155": 158,
        "strands00156": 152,
        "strands00164": 154,
        "strands00220": 127,
        "strands00241": 115,
        "strands00245": 101,
        "strands00248": 100,
        "strands00259": 145,
        "strands00260": 104,
        "strands00275": 124,
        "strands00285": 98,
        "strands00287": 137,
        "strands00288": 125,
        "strands00289": 110,
        "strands00294": 121,
        "strands00310": 135,
        "strands00318": 132,
        "strands00321": 170,
        "strands00325": 143,
        "strands00335": 113,
        "strands00336": 107,
        "strands00344": 100,
        "mean": 127.89655172413794,
        "max": 171,
        "min": 98
    },
    "M_curly": {
        "strands00039": 166,
        "strands00153": 124,
        "strands00006": 128,
        "strands00008": 126,
        "strands00010": 141,
        "strands00011": 112,
        "strands00015": 158,
        "strands00019": 176,
        "strands00022": 140,
        "strands00023": 122,
        "strands00027": 130,
        "strands00028": 122,
        "strands00030": 143,
        "strands00031": 131,
        "strands00032": 158,
        "strands00033": 140,
        "strands00036": 141,
        "strands00038": 151,
        "strands00045": 114,
        "strands00047": 122,
        "strands00050": 113,
        "strands00053": 160,
        "strands00057": 131,
        "strands00060": 121,
        "strands00069": 127,
        "strands00083": 114,
        "strands00091": 166,
        "strands00107": 128,
        "strands00110": 137,
        "strands00119": 147,
        "strands00131": 156,
        "strands00144": 137,
        "strands00147": 133,
        "strands00148": 134,
        "strands00165": 142,
        "strands00167": 106,
        "strands00170": 124,
        "strands00171": 124,
        "strands00172": 130,
        "strands00175": 157,
        "strands00177": 145,
        "strands00184": 151,
        "strands00204": 127,
        "strands00218": 122,
        "strands00222": 144,
        "strands00224": 119,
        "strands00256": 123,
        "strands00283": 145,
        "strands00310": 135,
        "strands00312": 124,
        "strands00315": 102,
        "strands00324": 150,
        "strands00328": 163,
        "strands00331": 122,
        "strands00332": 129,
        "strands00334": 149,
        "strands00343": 125,
        "strands00407": 120,
        "strands00413": 136,
        "strands00419": 120,
        "strands00423": 141,
        "strands00424": 151,
        "strands00443": 125,
        "strands00448": 153,
        "strands00500": 128,
        "mean": 135.09230769230768,
        "max": 176,
        "min": 102
    },
    "M_straight": {
        "strands00018": 132,
        "strands00054": 117,
        "strands00075": 104,
        "strands00086": 90,
        "strands00087": 120,
        "strands00098": 91,
        "strands00104": 114,
        "strands00118": 104,
        "strands00152": 116,
        "strands00157": 104,
        "strands00160": 96,
        "strands00168": 105,
        "strands00206": 110,
        "strands00230": 127,
        "strands00234": 152,
        "strands00327": 166,
        "strands00332": 129,
        "strands00341": 109,
        "strands00345": 113,
        "strands00367": 133,
        "strands00369": 149,
        "strands00370": 118,
        "strands00393": 101,
        "strands00422": 173,
        "strands00429": 125,
        "strands00430": 136,
        "strands00431": 113,
        "strands00439": 124,
        "mean": 120.39285714285714,
        "max": 173,
        "min": 90
    },
    "S_curly": {
        "strands00014": 131,
        "strands00035": 116,
        "strands00040": 119,
        "strands00061": 126,
        "strands00162": 121,
        "strands00171": 124,
        "strands00187": 129,
        "strands00223": 121,
        "strands00254": 119,
        "strands00311": 118,
        "strands00343": 125,
        "strands00361": 125,
        "strands00364": 117,
        "strands00366": 110,
        "strands00438": 123,
        "strands00510": 113,
        "strands00511": 113,
        "strands00512": 124,
        "strands00513": 111,
        "mean": 120.26315789473684,
        "max": 131,
        "min": 110
    },
    "S_straight": {
        "strands00002": 88,
        "strands00004": 108,
        "strands00007": 102,
        "strands00012": 90,
        "strands00021": 91,
        "strands00025": 100,
        "strands00029": 101,
        "strands00034": 109,
        "strands00037": 109,
        "strands00042": 120,
        "strands00051": 107,
        "strands00052": 95,
        "strands00055": 112,
        "strands00056": 108,
        "strands00059": 132,
        "strands00062": 106,
        "strands00064": 93,
        "strands00072": 86,
        "strands00080": 98,
        "strands00082": 101,
        "strands00084": 100,
        "strands00088": 87,
        "strands00093": 103,
        "strands00101": 90,
        "strands00106": 96,
        "strands00111": 85,
        "strands00123": 83,
        "strands00129": 77,
        "strands00134": 95,
        "strands00136": 101,
        "strands00137": 108,
        "strands00146": 94,
        "strands00166": 115,
        "strands00183": 103,
        "strands00207": 107,
        "strands00209": 90,
        "strands00210": 100,
        "strands00216": 87,
        "strands00229": 88,
        "strands00244": 100,
        "strands00249": 105,
        "strands00253": 107,
        "strands00257": 96,
        "strands00269": 100,
        "strands00270": 95,
        "strands00276": 106,
        "strands00277": 108,
        "strands00282": 116,
        "strands00305": 146,
        "strands00307": 92,
        "strands00309": 116,
        "strands00313": 93,
        "strands00316": 98,
        "strands00319": 93,
        "strands00320": 93,
        "strands00322": 87,
        "strands00323": 104,
        "strands00326": 100,
        "strands00329": 84,
        "strands00330": 91,
        "strands00333": 101,
        "strands00338": 90,
        "strands00339": 95,
        "strands00340": 103,
        "strands00063": 96,
        "strands00150": 95,
        "strands00302": 88,
        "strands00347": 96,
        "strands00381": 97,
        "strands00349": 86,
        "strands00354": 95,
        "strands00355": 84,
        "strands00359": 83,
        "strands00360": 92,
        "strands00362": 97,
        "strands00363": 110,
        "strands00365": 93,
        "strands00368": 114,
        "strands00373": 95,
        "strands00374": 101,
        "strands00376": 93,
        "strands00377": 89,
        "strands00378": 104,
        "strands00379": 98,
        "strands00380": 131,
        "strands00382": 85,
        "strands00391": 91,
        "strands00392": 104,
        "strands00394": 105,
        "strands00395": 96,
        "strands00396": 93,