{
    "body_lms":[2636,2523,6052,2498,2481,3676,3760,1864,3640,3630,3557,3560,3570,3576,3326,3288,3068,4747,4724,4720,35,1066,4439,4482,4497,4399,4394],
    "render_matrix":[[ 2.75478937,  0        ,  0       ,  0       ],[ 0        ,  2.75478937,  0        , -4.37053989],[ 0        ,  0        , -0.02001001, -0.97498749],[ 0        ,  0        ,  0        ,  1        ]],
    "center":[-0.00703544,1.58652416,0.01121912]
}